file,shows,used_on,source_name,source_page,rights_status
images/hero-tincan-press.jpg,Pink kids' landline on an orange chair,Hero photo,Tin Can press page,https://tincan.kids/pages/press,Permission granted (2026-10-01)
images/tincan-product-press.jpg,Green Tin Can landline,Pick by place (home) and Tin Can card,Tin Can press page,https://tincan.kids/pages/press,Permission granted (2026-10-01)
images/cosmo-bike-press.jpg,Boy riding a bike on a leafy path,Pick by place (neighborhood),Cosmo press page,https://cosmotogether.com/pages/press,Permission granted (2026-10-01)
images/cosmo-boy.jpg,Boy showing a watch on his wrist,Cosmo JrTrack 5 card,Cosmo press page,https://cosmotogether.com/pages/press,Permission granted (2026-10-01)
images/spacetalk-outdoors.jpg,Two kids hiking in a forest,Pick by place (outdoors),Spacetalk family safety page,https://spacetalk.co/pages/family-safety,Permission granted (2026-10-01)
images/spacetalk-family.jpg,Parent and kids on a beach,Spacetalk card,Spacetalk about page,https://spacetalk.co/en-us/pages/about,Permission granted (2026-10-01)
images/ticktalk6-product.jpg,White TickTalk 6 on a wrist,TickTalk card,TickTalk website,https://www.myticktalk.com/,Permission granted (2026-10-01)
images/gabb-watch-3e.jpg,Gabb Watch 3e showing a call,Gabb Watch 3e card,Gabb website,https://gabb.com/product/gabb-watch-3/refurbished/,Permission granted (2026-10-01)
images/bark-watch-new.jpg,Bark Watch on Samsung hardware,Bark Watch card,Bark product updates page,https://www.bark.us/product-updates/,Permission granted (2026-10-01)
images/unsplash-walkie.jpg,Orange walkie-talkie,Walkie-talkies card and photo carousel,K I M on Unsplash,https://unsplash.com/photos/orange-walkie-talkie-with-black-accents-on-brown-background-dUgk8ZaXW4c,Unsplash License
images/unsplash-trail.jpg,Family hiking by a mountain lake,Satellite messenger card and photo carousel,B T on Unsplash,https://unsplash.com/photos/hikers-on-a-trail-near-a-reflective-mountain-lake-ycb6trpsoMc,Unsplash License
images/unsplash-classroom.jpg,Empty classroom in afternoon sun,Quick guide (school) and photo carousel,J R on Unsplash,https://unsplash.com/photos/sunlight-streams-into-an-empty-classroom-with-desks-RTFX0TQHXko,Unsplash License
